[
    { "filename": "Montgomery.png", "category": ["us_state_capitals"] },
    { "filename": "Juneau.png", "category": ["us_state_capitals"] },
    { "filename": "Phoenix.png", "category": ["us_state_capitals", "us_top10_cities","us_top20_cities","us_top30_cities"] },
    { "filename": "Little Rock.png", "category": ["us_state_capitals"] },
    { "filename": "Sacramento.png", "category": ["us_state_capitals"] },
    { "filename": "Denver.png", "category": ["us_state_capitals", "us_top30_cities"] },
    { "filename": "Hartford.png", "category": ["us_state_capitals"] },
    { "filename": "Dover.png", "category": ["us_state_capitals"] },
    { "filename": "Tallahassee.png", "category": ["us_state_capitals"] },
    { "filename": "Atlanta.png", "category": ["us_state_capitals"] },
    { "filename": "Honolulu.png", "category": ["us_state_capitals"] },
    { "filename": "Boise.png", "category": ["us_state_capitals"] },
    { "filename": "Springfield.png", "category": ["us_state_capitals"] },
    { "filename": "Indianapolis.png", "category": ["us_state_capitals", "us_top30_cities"], "aliases": ["Indy"] },
    { "filename": "Des Moines.png", "category": ["us_state_capitals"] },
    { "filename": "Topeka.png", "category": ["us_state_capitals"] },
    { "filename": "Frankfort.png", "category": ["us_state_capitals"] },
    { "filename": "Baton Rouge.png", "category": ["us_state_capitals"] },
    { "filename": "Augusta.png", "category": ["us_state_capitals"] },
    { "filename": "Annapolis.png", "category": ["us_state_capitals"] },
    { "filename": "Boston.png", "category": ["us_state_capitals", "us_top30_cities"] },
    { "filename": "Lansing.png", "category": ["us_state_capitals"] },
    { "filename": "Saint Paul.png", "category": ["us_state_capitals"], "aliases": ["St Paul", "St. Paul", "Twin Cities"] },
    { "filename": "Jackson.png", "category": ["us_state_capitals"] },
    { "filename": "Jefferson city.png", "category": ["us_state_capitals"] },
    { "filename": "Helena.png", "category": ["us_state_capitals"] },
    { "filename": "Lincoln.png", "category": ["us_state_capitals"] },
    { "filename": "Carson City.png", "category": ["us_state_capitals"] },
    { "filename": "Concord.png", "category": ["us_state_capitals"] },
    { "filename": "Trenton.png", "category": ["us_state_capitals"] },
    { "filename": "Santa Fe.png", "category": ["us_state_capitals"] },
    { "filename": "Albany.png", "category": ["us_state_capitals"] },
    { "filename": "Raleigh.png", "category": ["us_state_capitals"] },
    { "filename": "Bismarck.png", "category": ["us_state_capitals"] },
    { "filename": "Columbus.png", "category": ["us_state_capitals", "us_top30_cities"] },
    { "filename": "Oklahoma city.png", "category": ["us_state_capitals", "us_top30_cities"], "aliases": ["OKC"] },
    { "filename": "Salem.png", "category": ["us_state_capitals"] },
    { "filename": "Harrisburg.png", "category": ["us_state_capitals"] },
    { "filename": "Providence.png", "category": ["us_state_capitals"] },
    { "filename": "Columbia.png", "category": ["us_state_capitals"] },
    { "filename": "Pierre.png", "category": ["us_state_capitals"] },
    { "filename": "Nashville.png", "category": ["us_state_capitals", "us_top30_cities"] },
    { "filename": "Austin.png", "category": ["us_state_capitals", "us_top30_cities"] },
    { "filename": "Salt Lake City.png", "category": ["us_state_capitals"], "aliases": ["SLC"] },
    { "filename": "Montpelier.png", "category": ["us_state_capitals"] },
    { "filename": "Richmond.png", "category": ["us_state_capitals"] },
    { "filename": "Olympia.png", "category": ["us_state_capitals"] },
    { "filename": "Charleston.png", "category": ["us_state_capitals"] },
    { "filename": "Madison.png", "category": ["us_state_capitals"] },
    { "filename": "Cheyenne.png", "category": ["us_state_capitals"] },
    


    { "filename": "New York City.png", "category": ["us_top10_cities","us_top20_cities","us_top30_cities"] , "aliases": ["NYC", "New York", "N.Y.C."]},
    { "filename": "Los Angeles.png", "category": ["us_top10_cities","us_top20_cities","us_top30_cities"] , "aliases": ["LA", "L.A."]},
    { "filename": "Chicago.png", "category": ["us_top10_cities","us_top20_cities","us_top30_cities"] },
    { "filename": "Houston.png", "category": ["us_top10_cities","us_top20_cities","us_top30_cities"] },

    { "filename": "Philadelphia.png", "category": ["us_top10_cities","us_top20_cities","us_top30_cities"] , "aliases": ["Philly"]},
    { "filename": "San Antonio.png", "category": ["us_top10_cities","us_top20_cities","us_top30_cities"] },
    { "filename": "San Diego.png", "category": ["us_top10_cities","us_top20_cities","us_top30_cities"] },
    { "filename": "Dallas.png", "category": ["us_top10_cities","us_top20_cities","us_top30_cities"] },
    { "filename": "Jacksonville.png", "category": ["us_top10_cities","us_top20_cities","us_top30_cities"] },
    { "filename": "Fort Worth.png", "category": ["us_top30_cities"] },
    { "filename": "San Jose.png", "category": ["us_top30_cities"] },

    { "filename": "Charlotte.png", "category": ["us_top30_cities"] },


    { "filename": "San Francisco.png", "category": ["us_top30_cities"] },
    { "filename": "Seattle.png", "category": ["us_top30_cities"] },



    { "filename": "Washington DC.png", "category": ["us_top30_cities"] , "aliases": ["DC", "Washington D.C.","D.C.","Washington"]},
    { "filename": "El Paso.png", "category": ["us_top30_cities"] },
    { "filename": "Las Vegas.png", "category": ["us_top30_cities"] },

    { "filename": "Detroit.png", "category": ["us_top30_cities"] },
    { "filename": "Louisville.png", "category": ["us_top30_cities"] },
    { "filename": "Portland.png", "category": ["us_top30_cities"] },
    { "filename": "Memphis.png", "category": ["us_top30_cities"] },
    { "filename": "Baltimore.png", "category": ["us_top30_cities"] },

    { "filename": "Metro NYC.png", "category": ["us_top20_metros"] , "aliases": ["NYC", "N.Y.C","NY","New York", "New York City", "Big Apple", "The Big Apple"]},
    { "filename": "Metro LA.png", "category": ["us_top20_metros"],"aliases": ["LA", "Los Angeles","Long Beach","L.A.", "Anaheim"]},
    { "filename": "Metro Chicago.png", "category": ["us_top20_metros"], "aliases": ["Chicago", "Chi Town","Windy City"]},
    { "filename": "Metro DFW.png", "category": ["us_top20_metros"], "aliases": ["DFW", "Dallas","Fort Worth","D.F.W."]},
    { "filename": "Metro Houston.png", "category": ["us_top20_metros"], "aliases": ["Houston"]},
    { "filename": "Metro Miami.png", "category": ["us_top20_metros"],"aliases": ["Miami", "MIA"]},
    { "filename": "Metro DC.png", "category": ["us_top20_metros"], "aliases": ["DC", "Washington D.C.","D.C.","Washington", "Capitol", "Arlington"]},
    { "filename": "Metro Atlanta.png", "category": ["us_top20_metros"], "aliases": ["Atlanta", "ATL"]},
    { "filename": "Metro Philadelphia.png", "category": ["us_top20_metros"], "aliases": ["Philly", "Philadelphia"]},
    { "filename": "Metro Phoenix.png", "category": ["us_top20_metros"], "aliases": ["Phoenix", "Mesa", "PHX"]},
    { "filename": "Metro Boston.png", "category": ["us_top20_metros"], "aliases": ["Boston"]},
    { "filename": "Metro Riverside San Bernadino.png", "category": ["us_top20_metros"]  , "aliases": ["Riverside", "San Bernadino"]},
    { "filename": "Metro Seattle.png", "category": ["us_top20_metros"], "aliases": ["Seattle", "STL", "S.T.L."]},
    { "filename": "Metro Detroit.png", "category": ["us_top20_metros"], "aliases": ["Detroit"]},
    { "filename": "Metro San Francisco.png", "category": ["us_top20_metros"], "aliases": ["San Francisco", "SF", "Bay Area", "Oakland", "Fremont"]},
    { "filename": "Metro Twin Cities.png", "category": ["us_top20_metros"]  , "aliases": ["Minneapolis", "St. Paul", "St Paul", "Twin Cities", "MSP"]},
    { "filename": "Metro Tampa.png", "category": ["us_top20_metros"], "aliases": ["Tampa", "St Pete", "St. Pete", "St Petersburg", "St. Petersburg"]},
    { "filename": "Metro San Diego.png", "category": ["us_top20_metros"], "aliases": ["San Diego"]},
    { "filename": "Metro Denver.png", "category": ["us_top20_metros"], "aliases": ["Denver"]},
    { "filename": "Metro Orlando.png", "category": ["us_top20_metros"], "aliases": ["Orlando"]}
]
  